id,first_name,last_name,email,gender,company,job_title
1,Izzy,Pfeifer,ipfeifer0@google.ca,Male,Eazzy,Nurse Practicioner
2,Maryann,McGiff,mmcgiff1@lycos.com,Female,Skinte,Marketing Manager
3,Lemmy,Szymanek,lszymanek2@irs.gov,Male,Vitz,Compensation Analyst
4,Gare,Andreev,gandreev3@joomla.org,Male,Kare,Account Representative IV
5,Rickert,Farnfield,rfarnfield4@lycos.com,Male,Myworks,Account Representative IV
6,Carey,Coole,ccoole5@slate.com,Male,Zoomlounge,Software Engineer I
7,Regina,Petrov,rpetrov6@elegantthemes.com,Female,Ntags,Professor
8,Rodney,Gladhill,rgladhill7@abc.net.au,Male,Feedbug,Health Coach III
9,Roobbie,Jorck,rjorck8@ox.ac.uk,Female,Dablist,Web Developer I
10,Giulia,Rayne,grayne9@answers.com,Agender,Brainbox,Quality Engineer
11,Hartley,Cowin,hcowina@mozilla.org,Male,Dazzlesphere,Media Manager II
12,Elsworth,Scole,escoleb@jigsy.com,Male,Voomm,VP Product Management
13,Vonny,Berrigan,vberriganc@un.org,Non-binary,Midel,Project Manager
14,Olly,MacDermott,omacdermottd@weather.com,Female,Jayo,Project Manager
15,Constantino,Keeley,ckeeleye@jiathis.com,Male,Katz,Statistician III
16,Mickie,Chomicki,mchomickif@wunderground.com,Male,Topdrive,VP Product Management
17,Walker,Tschersich,wtschersichg@ning.com,Male,Minyx,Teacher
18,Tanitansy,Twoohy,ttwoohyh@ow.ly,Female,Dabvine,Environmental Specialist
19,Gizela,Biglin,gbiglini@a8.net,Female,Twitternation,Engineer III
20,Lishe,Betjeman,lbetjemanj@shutterfly.com,Female,Vimbo,Physical Therapy Assistant
21,Janek,Origin,jorigink@slate.com,Genderqueer,Fivechat,Pharmacist
22,Iver,Izkovici,iizkovicil@harvard.edu,Male,Trupe,Computer Systems Analyst III
23,Cullan,Kiff,ckiffm@discovery.com,Male,Cogilith,Product Engineer
24,Randi,Glidder,rgliddern@fastcompany.com,Female,Quinu,VP Sales
25,Leroy,Nicholl,lnichollo@4shared.com,Male,Oloo,Chief Design Engineer
26,Renault,Bly,rblyp@techcrunch.com,Male,Yotz,VP Sales
27,Letisha,Earry,learryq@google.com.hk,Female,Wikivu,Database Administrator IV
28,Shaw,Padkin,spadkinr@comcast.net,Male,Bluezoom,Office Assistant II
29,Valery,Squirrell,vsquirrells@drupal.org,Female,Thoughtsphere,Senior Quality Engineer
30,Lucas,McGaraghan,lmcgaraghant@51.la,Male,Tambee,Account Representative III
31,Agneta,Medcalfe,amedcalfeu@google.ca,Genderqueer,Avavee,Engineer III
32,Isak,Rockcliffe,irockcliffev@admin.ch,Male,Rhyloo,Account Representative I
33,Dieter,Duprey,ddupreyw@vinaora.com,Male,Katz,Software Consultant
34,Damara,Nichols,dnicholsx@etsy.com,Female,Mybuzz,Help Desk Technician
35,Justin,Moukes,jmoukesy@nytimes.com,Male,Kazio,Account Executive
36,Ware,Parncutt,wparncuttz@sun.com,Male,Oyope,Food Chemist
37,Alfred,Higgonet,ahiggonet10@yelp.com,Male,Cogidoo,Accounting Assistant III
38,Byram,Filon,bfilon11@google.de,Agender,Livetube,Information Systems Manager
39,Gerick,Bernette,gbernette12@51.la,Male,Jabbersphere,Marketing Manager
40,Maisie,Swalwel,mswalwel13@census.gov,Female,Buzzster,Web Designer III
41,Dalton,Swatman,dswatman14@tinypic.com,Male,Mybuzz,Business Systems Development Analyst
42,Brigham,Merry,bmerry15@ft.com,Male,Zooxo,Assistant Media Planner
43,Mariam,Levison,mlevison16@skyrock.com,Female,Kare,Marketing Assistant
44,Arabel,Shenfish,ashenfish17@sun.com,Female,Skibox,Nuclear Power Engineer
45,Rowe,Calterone,rcalterone18@sciencedaily.com,Genderqueer,Feedbug,Environmental Tech
46,Marne,Terzza,mterzza19@stumbleupon.com,Female,Youspan,Compensation Analyst
47,Evie,Izzard,eizzard1a@ifeng.com,Female,Voonix,Social Worker
48,Earvin,Pucker,epucker1b@sitemeter.com,Male,Wordware,Health Coach II
49,Augy,Eite,aeite1c@cornell.edu,Male,Devbug,Internal Auditor
50,Blithe,Chilcotte,bchilcotte1d@behance.net,Female,Centizu,VP Product Management
51,Ashlee,Wastie,awastie1e@sphinn.com,Female,Skibox,Senior Quality Engineer
52,Roderick,Rosten,rrosten1f@dell.com,Male,Ailane,Research Associate
53,Dick,Rablan,drablan1g@zdnet.com,Male,Flashset,Project Manager
54,Vinni,Waiton,vwaiton1h@hibu.com,Female,Voonix,VP Quality Control
55,Phillis,Rohloff,prohloff1i@myspace.com,Female,Flashspan,Senior Editor
56,Englebert,Banishevitz,ebanishevitz1j@census.gov,Male,Myworks,Help Desk Technician
57,Ulric,Alleburton,ualleburton1k@scribd.com,Genderqueer,Jetwire,Senior Sales Associate
58,Travers,Belli,tbelli1l@geocities.com,Male,Photobug,Senior Quality Engineer
59,Hastings,Leborgne,hleborgne1m@istockphoto.com,Male,Yata,Recruiter
60,Clarita,Cloney,ccloney1n@earthlink.net,Female,Mita,Occupational Therapist
61,Mayne,Hollingsby,mhollingsby1o@creativecommons.org,Male,Teklist,Office Assistant III
62,Carmel,Suggey,csuggey1p@bravesites.com,Female,Vinte,Administrative Assistant III
63,Dalli,Critch,dcritch1q@wiley.com,Genderqueer,Skilith,Associate Professor
64,Kerstin,Massingham,kmassingham1r@shutterfly.com,Female,JumpXS,Analog Circuit Design manager
65,Sissy,Waryk,swaryk1s@time.com,Female,Gabspot,Administrative Assistant III
66,Gearard,Catenot,gcatenot1t@dedecms.com,Male,Devpulse,Geological Engineer
67,Saunders,Diglin,sdiglin1u@scientificamerican.com,Male,Feednation,Database Administrator I
68,Haily,Blench,hblench1v@seattletimes.com,Female,Aimbu,Graphic Designer
69,Costanza,Pimblott,cpimblott1w@posterous.com,Female,Blogtags,VP Product Management
70,Melody,McLae,mmclae1x@behance.net,Female,Feednation,Web Designer III
71,Brandyn,Wardhaugh,bwardhaugh1y@vimeo.com,Bigender,Tazz,Data Coordiator
72,Leilah,Chandlar,lchandlar1z@posterous.com,Female,Chatterbridge,Dental Hygienist
73,Josee,Petera,jpetera20@nationalgeographic.com,Female,Vitz,Software Engineer IV
74,Lyssa,Disbury,ldisbury21@odnoklassniki.ru,Female,Minyx,Analyst Programmer
75,Frederigo,Ninnoli,fninnoli22@drupal.org,Male,Plambee,Financial Advisor
76,Stafford,Cosstick,scosstick23@bbc.co.uk,Male,Izio,Product Engineer
77,Ettie,Leonards,eleonards24@moonfruit.com,Female,Jabberbean,Human Resources Manager
78,Goddart,Henfre,ghenfre25@columbia.edu,Male,Ooba,Marketing Manager
79,Kennedy,Birchenough,kbirchenough26@wikimedia.org,Male,Photojam,Senior Financial Analyst
80,Stanford,Mauro,smauro27@topsy.com,Male,Vimbo,Data Coordiator
81,Sydel,Camamile,scamamile28@joomla.org,Female,Divape,Staff Accountant IV
82,Steward,Dalyiel,sdalyiel29@noaa.gov,Male,Skipstorm,Teacher
83,Stevie,Norridge,snorridge2a@jalbum.net,Male,Pixonyx,Community Outreach Specialist
84,Jay,Dank,jdank2b@merriam-webster.com,Male,Tagfeed,Financial Analyst
85,Agneta,Shave,ashave2c@phpbb.com,Female,Wikizz,Engineer II
86,Shana,Kendrew,skendrew2d@edublogs.org,Female,Skidoo,Structural Engineer
87,Aura,Sprull,asprull2e@odnoklassniki.ru,Female,Meedoo,Web Designer II
88,Greg,Rodge,grodge2f@usatoday.com,Male,Eabox,Administrative Officer
89,Christophe,Brouwer,cbrouwer2g@huffingtonpost.com,Male,Blogtags,Engineer IV
90,Sean,Merrydew,smerrydew2h@wsj.com,Female,Lazz,Occupational Therapist
91,Ardith,Simonson,asimonson2i@google.ru,Female,Cogibox,Information Systems Manager
92,Sean,Allaker,sallaker2j@mtv.com,Female,Trudeo,Office Assistant IV
93,Wally,Chin,wchin2k@hud.gov,Male,Wordware,Developer III
94,Arturo,Gilloran,agilloran2l@eventbrite.com,Male,Meetz,Sales Representative
95,Marianne,Eschelle,meschelle2m@plala.or.jp,Female,Voonix,Web Designer I
96,Carolee,Storey,cstorey2n@timesonline.co.uk,Female,Dynava,Research Associate
97,Bat,McTeer,bmcteer2o@naver.com,Male,Jabbertype,Computer Systems Analyst IV
98,Maxie,Darco,mdarco2p@bravesites.com,Male,Aimbu,Structural Analysis Engineer
99,Rosanne,Clawley,rclawley2q@icio.us,Female,Voolith,VP Marketing
100,Wendel,Belverstone,wbelverstone2r@si.edu,Male,Devify,Budget/Accounting Analyst IV
